Property~~Id;Property~Имя~DisplayName;Property~Полное имя~FullName;Property~Классификация~ItemTypeDisplayName;Link~Ссылается~Reference
;Окно 800;Объекты.Объект 1.Ресурсы.Окна.Siemens.Схема.Окно 800;MasterSCADA.View.ViewUsage;Объекты.Объект 1.Discrete.DI 800.Ресурсы.Окна.Окно 1
;Окно 799;Объекты.Объект 1.Ресурсы.Окна.Siemens.Схема.Окно 799;MasterSCADA.View.ViewUsage;Объекты.Объект 1.Discrete.DI 799.Ресурсы.Окна.Окно 1
;Окно 798;Объекты.Объект 1.Ресурсы.Окна.Siemens.Схема.Окно 798;MasterSCADA.View.ViewUsage;Объекты.Объект 1.Discrete.DI 798.Ресурсы.Окна.Окно 1
;Окно 797;Объекты.Объект 1.Ресурсы.Окна.Siemens.Схема.Окно 797;MasterSCADA.View.ViewUsage;Объекты.Объект 1.Discrete.DI 797.Ресурсы.Окна.Окно 1
;Окно 796;Объекты.Объект 1.Ресурсы.Окна.Siemens.Схема.Окно 796;MasterSCADA.View.ViewUsage;Объекты.Объект 1.Discrete.DI 796.Ресурсы.Окна.Окно 1
;Окно 795;Объекты.Объект 1.Ресурсы.Окна.Siemens.Схема.Окно 795;MasterSCADA.View.ViewUsage;Объекты.Объект 1.Discrete.DI 795.Ресурсы.Окна.Окно 1
;Окно 794;Объекты.Объект 1.Ресурсы.Окна.Siemens.Схема.Окно 794;MasterSCADA.View.ViewUsage;Объекты.Объект 1.Discrete.DI 794.Ресурсы.Окна.Окно 1
;Окно 793;Объекты.Объект 1.Ресурсы.Окна.Siemens.Схема.Окно 793;MasterSCADA.View.ViewUsage;Объекты.Объект 1.Discrete.DI 793.Ресурсы.Окна.Окно 1
;Окно 792;Объекты.Объект 1.Ресурсы.Окна.Siemens.Схема.Окно 792;MasterSCADA.View.ViewUsage;Объекты.Объект 1.Discrete.DI 792.Ресурсы.Окна.Окно 1
;Окно 791;Объекты.Объект 1.Ресурсы.Окна.Siemens.Схема.Окно 791;MasterSCADA.View.ViewUsage;Объекты.Объект 1.Discrete.DI 791.Ресурсы.Окна.Окно 1
;Окно 790;Объекты.Объект 1.Ресурсы.Окна.Siemens.Схема.Окно 790;MasterSCADA.View.ViewUsage;Объекты.Объект 1.Discrete.DI 790.Ресурсы.Окна.Окно 1
;Окно 789;Объекты.Объект 1.Ресурсы.Окна.Siemens.Схема.Окно 789;MasterSCADA.View.ViewUsage;Объекты.Объект 1.Discrete.DI 789.Ресурсы.Окна.Окно 1
;Окно 788;Объекты.Объект 1.Ресурсы.Окна.Siemens.Схема.Окно 788;MasterSCADA.View.ViewUsage;Объекты.Объект 1.Discrete.DI 788.Ресурсы.Окна.Окно 1
;Окно 787;Объекты.Объект 1.Ресурсы.Окна.Siemens.Схема.Окно 787;MasterSCADA.View.ViewUsage;Объекты.Объект 1.Discrete.DI 787.Ресурсы.Окна.Окно 1
;Окно 786;Объекты.Объект 1.Ресурсы.Окна.Siemens.Схема.Окно 786;MasterSCADA.View.ViewUsage;Объекты.Объект 1.Discrete.DI 786.Ресурсы.Окна.Окно 1
;Окно 785;Объекты.Объект 1.Ресурсы.Окна.Siemens.Схема.Окно 785;MasterSCADA.View.ViewUsage;Объекты.Объект 1.Discrete.DI 785.Ресурсы.Окна.Окно 1
;Окно 784;Объекты.Объект 1.Ресурсы.Окна.Siemens.Схема.Окно 784;MasterSCADA.View.ViewUsage;Объекты.Объект 1.Discrete.DI 784.Ресурсы.Окна.Окно 1
;Окно 783;Объекты.Объект 1.Ресурсы.Окна.Siemens.Схема.Окно 783;MasterSCADA.View.ViewUsage;Объекты.Объект 1.Discrete.DI 783.Ресурсы.Окна.Окно 1
;Окно 782;Объекты.Объект 1.Ресурсы.Окна.Siemens.Схема.Окно 782;MasterSCADA.View.ViewUsage;Объекты.Объект 1.Discrete.DI 782.Ресурсы.Окна.Окно 1
;Окно 781;Объекты.Объект 1.Ресурсы.Окна.Siemens.Схема.Окно 781;MasterSCADA.View.ViewUsage;Объекты.Объект 1.Discrete.DI 781.Ресурсы.Окна.Окно 1
;Окно 780;Объекты.Объект 1.Ресурсы.Окна.Siemens.Схема.Окно 780;MasterSCADA.View.ViewUsage;Объекты.Объект 1.Discrete.DI 780.Ресурсы.Окна.Окно 1
;Окно 779;Объекты.Объект 1.Ресурсы.Окна.Siemens.Схема.Окно 779;MasterSCADA.View.ViewUsage;Объекты.Объект 1.Discrete.DI 779.Ресурсы.Окна.Окно 1
;Окно 778;Объекты.Объект 1.Ресурсы.Окна.Siemens.Схема.Окно 778;MasterSCADA.View.ViewUsage;Объекты.Объект 1.Discrete.DI 778.Ресурсы.Окна.Окно 1
;Окно 777;Объекты.Объект 1.Ресурсы.Окна.Siemens.Схема.Окно 777;MasterSCADA.View.ViewUsage;Объекты.Объект 1.Discrete.DI 777.Ресурсы.Окна.Окно 1
;Окно 776;Объекты.Объект 1.Ресурсы.Окна.Siemens.Схема.Окно 776;MasterSCADA.View.ViewUsage;Объекты.Объект 1.Discrete.DI 776.Ресурсы.Окна.Окно 1
;Окно 775;Объекты.Объект 1.Ресурсы.Окна.Siemens.Схема.Окно 775;MasterSCADA.View.ViewUsage;Объекты.Объект 1.Discrete.DI 775.Ресурсы.Окна.Окно 1
;Окно 774;Объекты.Объект 1.Ресурсы.Окна.Siemens.Схема.Окно 774;MasterSCADA.View.ViewUsage;Объекты.Объект 1.Discrete.DI 774.Ресурсы.Окна.Окно 1
;Окно 773;Объекты.Объект 1.Ресурсы.Окна.Siemens.Схема.Окно 773;MasterSCADA.View.ViewUsage;Объекты.Объект 1.Discrete.DI 773.Ресурсы.Окна.Окно 1
;Окно 772;Объекты.Объект 1.Ресурсы.Окна.Siemens.Схема.Окно 772;MasterSCADA.View.ViewUsage;Объекты.Объект 1.Discrete.DI 772.Ресурсы.Окна.Окно 1
;Окно 771;Объекты.Объект 1.Ресурсы.Окна.Siemens.Схема.Окно 771;MasterSCADA.View.ViewUsage;Объекты.Объект 1.Discrete.DI 771.Ресурсы.Окна.Окно 1
;Окно 770;Объекты.Объект 1.Ресурсы.Окна.Siemens.Схема.Окно 770;MasterSCADA.View.ViewUsage;Объекты.Объект 1.Discrete.DI 770.Ресурсы.Окна.Окно 1
;Окно 769;Объекты.Объект 1.Ресурсы.Окна.Siemens.Схема.Окно 769;MasterSCADA.View.ViewUsage;Объекты.Объект 1.Discrete.DI 769.Ресурсы.Окна.Окно 1
;Окно 768;Объекты.Объект 1.Ресурсы.Окна.Siemens.Схема.Окно 768;MasterSCADA.View.ViewUsage;Объекты.Объект 1.Discrete.DI 768.Ресурсы.Окна.Окно 1
;Окно 767;Объекты.Объект 1.Ресурсы.Окна.Siemens.Схема.Окно 767;MasterSCADA.View.ViewUsage;Объекты.Объект 1.Discrete.DI 767.Ресурсы.Окна.Окно 1
;Окно 766;Объекты.Объект 1.Ресурсы.Окна.Siemens.Схема.Окно 766;MasterSCADA.View.ViewUsage;Объекты.Объект 1.Discrete.DI 766.Ресурсы.Окна.Окно 1
;Окно 765;Объекты.Объект 1.Ресурсы.Окна.Siemens.Схема.Окно 765;MasterSCADA.View.ViewUsage;Объекты.Объект 1.Discrete.DI 765.Ресурсы.Окна.Окно 1
;Окно 764;Объекты.Объект 1.Ресурсы.Окна.Siemens.Схема.Окно 764;MasterSCADA.View.ViewUsage;Объекты.Объект 1.Discrete.DI 764.Ресурсы.Окна.Окно 1
;Окно 763;Объекты.Объект 1.Ресурсы.Окна.Siemens.Схема.Окно 763;MasterSCADA.View.ViewUsage;Объекты.Объект 1.Discrete.DI 763.Ресурсы.Окна.Окно 1
;Окно 762;Объекты.Объект 1.Ресурсы.Окна.Siemens.Схема.Окно 762;MasterSCADA.View.ViewUsage;Объекты.Объект 1.Discrete.DI 762.Ресурсы.Окна.Окно 1
;Окно 761;Объекты.Объект 1.Ресурсы.Окна.Siemens.Схема.Окно 761;MasterSCADA.View.ViewUsage;Объекты.Объект 1.Discrete.DI 761.Ресурсы.Окна.Окно 1
